Year	Width [m]	SD [m]
1993	43.17647059	11.43282169
1997	25.89861765	3.361955364
2003	18.44348688	4.759111073
2004	13.22487918	6.018186116
2006	14.24142482	4.128223369
2009	10.21004056	1.902684881
2011	13.61296	1.66449058
2014	8.982298938	0.9015550309
2016	10.03953531	0.7417987477
2018	11.45108513	2.237483163
2024	9.182789103	0.5591929321
